Title,Slug,Meta Description,Content
"Professional Cleaning Services Newcastle upon Tyne | Regular & One-Off | Tyne & Wear","cleaning-newcastle-upon-tyne","Professional cleaning services in Newcastle upon Tyne. Regular domestic cleaning & one-off cleans. Serving Gateshead & Tyne & Wear. Book today.","[ts_hero city=""Newcastle upon Tyne"" service=""Cleaning Services"" title=""Professional Cleaning Services Newcastle upon Tyne â€“ Regular & One-Off Cleans"" subtitle=""Trusted cleaning services across Newcastle upon Tyne, Gateshead and surrounding Tyne & Wear areas. Regular domestic cleaning, one-off cleans, and maintenance services."" phone=""03300 435459""]

[ts_proof_strip]

[ts_features service=""cleaning""]

<h2>Professional Cleaning Services in Newcastle upon Tyne</h2>

<p><strong>Looking for reliable cleaning services in Newcastle upon Tyne?</strong> TotalSpark Solutions provides professional domestic and commercial cleaning across Newcastle, Gateshead, and the wider Tyne & Wear region.</p>

[ts_quote_form city=""Newcastle upon Tyne"" service=""cleaning""]

[ts_faq]

[ts_sticky_call phone=""03300 435459""]"
"Professional Cleaning Services Sunderland | Domestic & Commercial | Same Day Available","cleaning-sunderland","Professional cleaning services in Sunderland. Regular domestic cleaning, one-off cleans & commercial services. Same day availability. Book your free quote.","[ts_hero city=""Sunderland"" service=""Cleaning Services"" title=""Professional Cleaning Services Sunderland â€“ Domestic & Commercial"" subtitle=""Trusted cleaning services across Sunderland, Roker, and surrounding areas. Regular domestic cleaning, commercial services, and one-off cleans with same day availability."" phone=""03300 435459""]

[ts_proof_strip]

[ts_features service=""cleaning""]

<h2>Professional Cleaning Services in Sunderland</h2>

<p><strong>Need reliable cleaning services in Sunderland?</strong> TotalSpark Solutions provides professional domestic and commercial cleaning across Sunderland, including Roker, Seaburn, and Washington areas.</p>

[ts_quote_form city=""Sunderland"" service=""cleaning""]

[ts_faq]

[ts_sticky_call phone=""03300 435459""]"
"Professional Cleaning Services Durham | City Centre & University Area | DBS Checked","cleaning-durham","Professional cleaning services in Durham city centre and university area. Regular domestic cleaning and one-off cleans. DBS checked cleaners. Free quotes.","[ts_hero city=""Durham"" service=""Cleaning Services"" title=""Professional Cleaning Services Durham â€“ City Centre & University Area"" subtitle=""Trusted cleaning services across Durham city centre, university area, and surrounding villages. Regular domestic cleaning and one-off services with DBS checked staff."" phone=""03300 435459""]

[ts_proof_strip]

[ts_features service=""cleaning""]

<h2>Professional Cleaning Services in Durham</h2>

<p><strong>Looking for trusted cleaning services in Durham?</strong> TotalSpark Solutions provides professional cleaning across Durham city centre, the university area, and surrounding villages.</p>

[ts_quote_form city=""Durham"" service=""cleaning""]

[ts_faq]

[ts_sticky_call phone=""03300 435459""]"
"Professional Cleaning Services Middlesbrough | Teesside Area | Same Day Service","cleaning-middlesbrough","Professional cleaning services in Middlesbrough and Teesside. Domestic and commercial cleaning with same day availability. 5-star rated service.","[ts_hero city=""Middlesbrough"" service=""Cleaning Services"" title=""Professional Cleaning Services Middlesbrough â€“ Teesside's Trusted Cleaners"" subtitle=""Professional cleaning services across Middlesbrough and Teesside. Regular domestic cleaning, commercial services, and same day availability throughout the area."" phone=""03300 435459""]

[ts_proof_strip]

[ts_features service=""cleaning""]

<h2>Professional Cleaning Services in Middlesbrough</h2>

<p><strong>Need professional cleaning in Middlesbrough?</strong> TotalSpark Solutions is Teesside's trusted cleaning company, serving Middlesbrough, Stockton, and the wider area with reliable, high-quality services.</p>

[ts_quote_form city=""Middlesbrough"" service=""cleaning""]

[ts_faq]

[ts_sticky_call phone=""03300 435459""]"
"Professional Cleaning Services Gateshead | Tyne & Wear | Regular & One-Off Cleans","cleaning-gateshead","Professional cleaning services in Gateshead and Tyne & Wear. Regular domestic cleaning and one-off cleans. Fully insured with 5-star service.","[ts_hero city=""Gateshead"" service=""Cleaning Services"" title=""Professional Cleaning Services Gateshead â€“ Tyne & Wear's Trusted Cleaners"" subtitle=""Professional cleaning services across Gateshead and Tyne & Wear. Regular domestic cleaning, one-off cleans, and commercial services with 5-star rated team."" phone=""03300 435459""]

[ts_proof_strip]

[ts_features service=""cleaning""]

<h2>Professional Cleaning Services in Gateshead</h2>

<p><strong>Looking for reliable cleaning in Gateshead?</strong> TotalSpark Solutions provides professional cleaning services across Gateshead, from the town centre to Low Fell, with the same high standards throughout Tyne & Wear.</p>

[ts_quote_form city=""Gateshead"" service=""cleaning""]

[ts_faq]

[ts_sticky_call phone=""03300 435459""]"
"Professional Cleaning Services Hartlepool | Marina & Town Centre | Same Day Available","cleaning-hartlepool","Professional cleaning services in Hartlepool marina and town centre. Regular domestic cleaning and one-off cleans with same day availability.","[ts_hero city=""Hartlepool"" service=""Cleaning Services"" title=""Professional Cleaning Services Hartlepool â€“ Marina & Town Centre"" subtitle=""Professional cleaning services across Hartlepool marina, town centre, and surrounding areas. Regular domestic cleaning and one-off cleans with same day availability."" phone=""03300 435459""]

[ts_proof_strip]

[ts_features service=""cleaning""]

<h2>Professional Cleaning Services in Hartlepool</h2>

<p><strong>Need reliable cleaning in Hartlepool?</strong> TotalSpark Solutions provides professional cleaning services across Hartlepool marina, town centre, and surrounding areas with consistent quality service.</p>

[ts_quote_form city=""Hartlepool"" service=""cleaning""]

[ts_faq]

[ts_sticky_call phone=""03300 435459""]"
"Professional Cleaning Services Stockton-on-Tees | Teesside | Regular & Commercial","cleaning-stockton-on-tees","Professional cleaning services in Stockton-on-Tees and Teesside. Regular domestic cleaning and commercial services. Book your free quote today.","[ts_hero city=""Stockton-on-Tees"" service=""Cleaning Services"" title=""Professional Cleaning Services Stockton-on-Tees â€“ Teesside's Choice"" subtitle=""Professional cleaning services across Stockton-on-Tees and Teesside. Regular domestic cleaning, commercial services, and one-off cleans throughout the area."" phone=""03300 435459""]

[ts_proof_strip]

[ts_features service=""cleaning""]

<h2>Professional Cleaning Services in Stockton-on-Tees</h2>

<p><strong>Looking for professional cleaning in Stockton-on-Tees?</strong> TotalSpark Solutions provides reliable cleaning services across Stockton and the wider Teesside area with flexible scheduling options.</p>

[ts_quote_form city=""Stockton-on-Tees"" service=""cleaning""]

[ts_faq]

[ts_sticky_call phone=""03300 435459""]"
"Professional Cleaning Services South Shields | Tyne & Wear | Seafront & Town Centre","cleaning-south-shields","Professional cleaning services in South Shields seafront and town centre. Regular domestic cleaning and one-off cleans throughout Tyne & Wear.","[ts_hero city=""South Shields"" service=""Cleaning Services"" title=""Professional Cleaning Services South Shields â€“ Seafront & Town Centre"" subtitle=""Professional cleaning services across South Shields seafront, town centre, and surrounding Tyne & Wear areas. Regular domestic cleaning and one-off services."" phone=""03300 435459""]

[ts_proof_strip]

[ts_features service=""cleaning""]

<h2>Professional Cleaning Services in South Shields</h2>

<p><strong>Need professional cleaning in South Shields?</strong> TotalSpark Solutions provides reliable cleaning services from the seafront to the town centre and surrounding Tyne & Wear areas.</p>

[ts_quote_form city=""South Shields"" service=""cleaning""]

[ts_faq]

[ts_sticky_call phone=""03300 435459""]"
"End of Tenancy Cleaning Newcastle upon Tyne | Deposit Back Guarantee | Same Day Available","end-of-tenancy-cleaning-newcastle-upon-tyne","Professional end of tenancy cleaning in Newcastle upon Tyne. 100% deposit back guarantee. Same day service available. Fully insured cleaners.","[ts_hero city=""Newcastle upon Tyne"" service=""End of Tenancy Cleaning"" title=""End of Tenancy Cleaning Newcastle upon Tyne â€“ 100% Deposit Back Guarantee"" subtitle=""Professional end of tenancy cleaning in Newcastle upon Tyne with guaranteed deposit return. Same day service available across Tyne & Wear."" phone=""03300 435459""]

[ts_proof_strip]

[ts_features service=""end-of-tenancy""]

<h2>End of Tenancy Cleaning Newcastle upon Tyne</h2>

<p><strong>Moving out of your Newcastle rental?</strong> Our professional end of tenancy cleaning service guarantees your deposit back with a comprehensive clean that meets all landlord and letting agency requirements across Tyne & Wear.</p>

<h3>ðŸ’° 100% Deposit Back Guarantee</h3>

<p>We're so confident in our Newcastle end of tenancy cleaning that we offer a <strong>100% deposit back guarantee</strong>. If your landlord or letting agent isn't satisfied, we'll return to re-clean at no extra cost.</p>

[ts_quote_form city=""Newcastle upon Tyne"" service=""end-of-tenancy""]

[ts_faq]

[ts_sticky_call phone=""03300 435459""]"
"End of Tenancy Cleaning Sunderland | Deposit Back Guarantee | Same Day Service","end-of-tenancy-cleaning-sunderland","Professional end of tenancy cleaning in Sunderland. Deposit back guarantee. Same day service available. Fully insured & DBS checked cleaners.","[ts_hero city=""Sunderland"" service=""End of Tenancy Cleaning"" title=""End of Tenancy Cleaning Sunderland â€“ Deposit Back Guarantee"" subtitle=""Professional end of tenancy cleaning in Sunderland with 100% deposit back guarantee. Same day service available across Sunderland and surrounding areas."" phone=""03300 435459""]

[ts_proof_strip]

[ts_features service=""end-of-tenancy""]

<h2>End of Tenancy Cleaning Sunderland</h2>

<p><strong>Moving out of your Sunderland rental property?</strong> Our professional end of tenancy cleaning service guarantees your deposit back with a thorough, comprehensive clean that meets all landlord and letting agency requirements.</p>

<h3>ðŸ’° Deposit Back Guarantee</h3>

<p>We offer a <strong>100% deposit back guarantee</strong> on all Sunderland end of tenancy cleans. If your landlord or letting agent is not satisfied with our work, we'll return to re-clean the affected areas at no extra cost.</p>

[ts_quote_form city=""Sunderland"" service=""end-of-tenancy""]

[ts_faq]

[ts_sticky_call phone=""03300 435459""]"
"End of Tenancy Cleaning Durham | University Area & City Centre | Deposit Guaranteed","end-of-tenancy-cleaning-durham","Professional end of tenancy cleaning in Durham city centre and university area. Student accommodation specialists. Deposit back guarantee.","[ts_hero city=""Durham"" service=""End of Tenancy Cleaning"" title=""End of Tenancy Cleaning Durham â€“ Student & Professional Properties"" subtitle=""Professional end of tenancy cleaning in Durham city centre and university area. Student accommodation specialists with deposit back guarantee."" phone=""03300 435459""]

[ts_proof_strip]

[ts_features service=""end-of-tenancy""]

<h2>End of Tenancy Cleaning Durham</h2>

<p><strong>Moving out in Durham?</strong> Whether you're a student leaving university accommodation or a professional moving from city centre properties, our end of tenancy cleaning service guarantees your deposit back.</p>

<h3>ðŸŽ“ Student Accommodation Specialists</h3>

<p>We understand the unique requirements of Durham University accommodation and student housing throughout the city. Our cleaning meets the high standards expected by university landlords and letting agents.</p>

[ts_quote_form city=""Durham"" service=""end-of-tenancy""]

[ts_faq]

[ts_sticky_call phone=""03300 435459""]"
"End of Tenancy Cleaning Middlesbrough | Teesside | Deposit Back Guarantee","end-of-tenancy-cleaning-middlesbrough","Professional end of tenancy cleaning in Middlesbrough and Teesside. Deposit back guarantee with same day availability. Fully insured service.","[ts_hero city=""Middlesbrough"" service=""End of Tenancy Cleaning"" title=""End of Tenancy Cleaning Middlesbrough â€“ Teesside Specialists"" subtitle=""Professional end of tenancy cleaning in Middlesbrough and Teesside with deposit back guarantee. Same day service available throughout the area."" phone=""03300 435459""]

[ts_proof_strip]

[ts_features service=""end-of-tenancy""]

<h2>End of Tenancy Cleaning Middlesbrough</h2>

<p><strong>Moving out of your Middlesbrough rental?</strong> Our professional end of tenancy cleaning service covers Middlesbrough and the wider Teesside area with a guaranteed deposit return.</p>

[ts_quote_form city=""Middlesbrough"" service=""end-of-tenancy""]

[ts_faq]

[ts_sticky_call phone=""03300 435459""]"
"Deep Cleaning Services Newcastle upon Tyne | Spring Cleaning | One-Off Deep Clean","deep-cleaning-newcastle-upon-tyne","Professional deep cleaning services in Newcastle upon Tyne. Spring cleaning, one-off deep cleans, and intensive cleaning services. Book your free quote.","[ts_hero city=""Newcastle upon Tyne"" service=""Deep Cleaning"" title=""Deep Cleaning Services Newcastle upon Tyne â€“ Spring & One-Off Cleans"" subtitle=""Professional deep cleaning services in Newcastle upon Tyne. Spring cleaning, one-off deep cleans, and intensive cleaning for homes and offices across Tyne & Wear."" phone=""03300 435459""]

[ts_proof_strip]

[ts_features service=""deep-cleaning""]

<h2>Deep Cleaning Services Newcastle upon Tyne</h2>

<p><strong>Need a thorough deep clean in Newcastle?</strong> Our professional deep cleaning service tackles every corner of your home or office, leaving it spotless and fresh throughout Newcastle upon Tyne and Tyne & Wear.</p>

[ts_quote_form city=""Newcastle upon Tyne"" service=""deep-cleaning""]

[ts_faq]

[ts_sticky_call phone=""03300 435459""]"
"Deep Cleaning Services Sunderland | One-Off & Spring Cleaning | Professional Service","deep-cleaning-sunderland","Professional deep cleaning services in Sunderland. One-off deep cleans, spring cleaning, and intensive cleaning services. Same day availability.","[ts_hero city=""Sunderland"" service=""Deep Cleaning"" title=""Deep Cleaning Services Sunderland â€“ One-Off & Spring Cleaning"" subtitle=""Professional deep cleaning services in Sunderland. One-off deep cleans, spring cleaning, and intensive cleaning with same day availability across the area."" phone=""03300 435459""]

[ts_proof_strip]

[ts_features service=""deep-cleaning""]

<h2>Deep Cleaning Services Sunderland</h2>

<p><strong>Transform your Sunderland property with professional deep cleaning.</strong> Our intensive cleaning service covers every detail, from Roker seafront apartments to Washington family homes.</p>

[ts_quote_form city=""Sunderland"" service=""deep-cleaning""]

[ts_faq]

[ts_sticky_call phone=""03300 435459""]"
"Commercial Cleaning Services Newcastle upon Tyne | Office Cleaning | Tyne & Wear","commercial-cleaning-newcastle-upon-tyne","Professional commercial cleaning services in Newcastle upon Tyne. Office cleaning, retail cleaning, and business premises throughout Tyne & Wear.","[ts_hero city=""Newcastle upon Tyne"" service=""Commercial Cleaning"" title=""Commercial Cleaning Services Newcastle upon Tyne â€“ Professional Office Cleaning"" subtitle=""Professional commercial cleaning services in Newcastle upon Tyne. Office cleaning, retail spaces, and business premises throughout Tyne & Wear with flexible scheduling."" phone=""03300 435459""]

[ts_proof_strip]

[ts_features service=""commercial""]

<h2>Commercial Cleaning Newcastle upon Tyne</h2>

<p><strong>Professional commercial cleaning in Newcastle upon Tyne.</strong> From city centre offices to Gateshead business parks, we provide reliable commercial cleaning services throughout Tyne & Wear.</p>

[ts_quote_form city=""Newcastle upon Tyne"" service=""commercial""]

[ts_faq]

[ts_sticky_call phone=""03300 435459""]"
"Commercial Cleaning Services Sunderland | Office & Retail Cleaning | Same Day Available","commercial-cleaning-sunderland","Professional commercial cleaning services in Sunderland. Office cleaning, retail spaces, and business premises with same day availability.","[ts_hero city=""Sunderland"" service=""Commercial Cleaning"" title=""Commercial Cleaning Services Sunderland â€“ Office & Retail Specialists"" subtitle=""Professional commercial cleaning services in Sunderland. Office cleaning, retail spaces, and business premises with same day availability across the area."" phone=""03300 435459""]

[ts_proof_strip]

[ts_features service=""commercial""]

<h2>Commercial Cleaning Sunderland</h2>

<p><strong>Professional commercial cleaning in Sunderland.</strong> From city centre offices to retail spaces and business premises, we provide reliable cleaning services with flexible scheduling.</p>

[ts_quote_form city=""Sunderland"" service=""commercial""]

[ts_faq]

[ts_sticky_call phone=""03300 435459""]"
"Carpet & Upholstery Cleaning Newcastle upon Tyne | Professional Cleaning | Same Day","carpet-upholstery-cleaning-newcastle-upon-tyne","Professional carpet and upholstery cleaning in Newcastle upon Tyne. Steam cleaning, stain removal, and fabric protection. Same day service available.","[ts_hero city=""Newcastle upon Tyne"" service=""Carpet & Upholstery Cleaning"" title=""Carpet & Upholstery Cleaning Newcastle upon Tyne â€“ Professional Steam Cleaning"" subtitle=""Professional carpet and upholstery cleaning in Newcastle upon Tyne. Steam cleaning, stain removal, and fabric protection throughout Tyne & Wear."" phone=""03300 435459""]

[ts_proof_strip]

[ts_features service=""carpet""]

<h2>Carpet & Upholstery Cleaning Newcastle upon Tyne</h2>

<p><strong>Professional carpet and upholstery cleaning in Newcastle upon Tyne.</strong> Using advanced steam cleaning technology, we restore carpets and furniture throughout Tyne & Wear to like-new condition.</p>

[ts_quote_form city=""Newcastle upon Tyne"" service=""carpet-cleaning""]

[ts_faq]

[ts_sticky_call phone=""03300 435459""]"
"Carpet & Upholstery Cleaning Sunderland | Steam Cleaning | Stain Removal","carpet-upholstery-cleaning-sunderland","Professional carpet and upholstery cleaning in Sunderland. Steam cleaning, stain removal, and fabric protection services. Same day availability.","[ts_hero city=""Sunderland"" service=""Carpet & Upholstery Cleaning"" title=""Carpet & Upholstery Cleaning Sunderland â€“ Steam Cleaning Specialists"" subtitle=""Professional carpet and upholstery cleaning in Sunderland. Steam cleaning, stain removal, and fabric protection with same day availability."" phone=""03300 435459""]

[ts_proof_strip]

[ts_features service=""carpet""]

<h2>Carpet & Upholstery Cleaning Sunderland</h2>

<p><strong>Professional carpet and upholstery cleaning in Sunderland.</strong> Our steam cleaning specialists restore carpets and furniture throughout Sunderland and surrounding areas to pristine condition.</p>

[ts_quote_form city=""Sunderland"" service=""carpet-cleaning""]

[ts_faq]

[ts_sticky_call phone=""03300 435459""]"